est_type,Crude,X2.5.,X97.5.,Adjusted,X2.5..1,X97.5..1
gcomp,-0.00137740957657087,-0.00217198758400616,-0.000582831569135588,-0.000644612172954719,-0.00143301403947428,0.000143789693564841
