est_type,Crude,X2.5.,X97.5.,Adjusted,X2.5..1,X97.5..1
tmle,-0.00150450734699499,-0.00229908534668004,-0.000709929347309945,-0.00149390578352882,-0.00228220896041951,-0.000705602606638134
iptw,-0.00150450734699545,-0.0022990853466805,-0.000709929347310401,-0.00152636021347184,-0.00231664426306906,-0.000736076163874626
gcomp,-0.00137740957657087,-0.00217198758400616,-0.000582831569135588,-0.000644612172954719,-0.00143301403947428,0.000143789693564841
