est_type,Crude,X2.5.,X97.5.,Adjusted,X2.5..1,X97.5..1
iptw,-0.00150450734699689,-0.00229908534668141,-0.000709929347312375,-0.00152625293114646,-0.00231656351570873,-0.000735942346584197
