est_type,Crude,X2.5.,X97.5.,Adjusted,X2.5..1,X97.5..1
tmle,-0.00150450734699499,-0.00229908534668004,-0.000709929347309945,-0.00149390578352882,-0.00228220896041951,-0.000705602606638134
