est_type,Crude,X2.5.,X97.5.,Adjusted,X2.5..1,X97.5..1
tmle,-0.00150450734699182,-0.00229908534667748,-0.000709929347306161,-0.00150839192141613,-0.00229715006045821,-0.000719633782374041
iptw,-0.00150450734699689,-0.00229908534668141,-0.000709929347312375,-0.00152625293114646,-0.00231656351570873,-0.000735942346584197
gcomp,-0.00149494599005445,-0.00228952398978353,-0.000700367990325369,-0.000492465929574088,-0.0012813487658209,0.000296416906672727
